,name, first, last,ID to label
0,Jane A. Doe, Jane, Doe,8683
1,Jane B. Doe, Jane, Doe,2489
2,Jane C. Doe, Jane, Doe,3040
3,Jane D. Doe, Jane, Doe,3093
4,Jane E. Doe, Jane, Doe,142
5,Jane F. Doe, Jane, Doe,8405
6,Jane G. Doe, Jane, Doe,3776
7,Jane H. Doe, Jane, Doe,3759
8,Jane I. Doe, Jane, Doe,6904
9,Jane J. Doe, Jane, Doe,297
10,Jane K. Doe, Jane, Doe,4750
11,Jane L. Doe, Jane, Doe,2788
12,Jane M. Doe, Jane, Doe,7700
13,Jane N. Doe, Jane, Doe,5517
14,Jane O. Doe, Jane, Doe,2548
15,Jane P. Doe, Jane, Doe,3697
16,Jane Q. Doe, Jane, Doe,3089
17,Jane R. Doe, Jane, Doe,10461
18,Jane S. Doe, Jane, Doe,8191
19,Jane T. Doe, Jane, Doe,4337
20,Jane U. Doe, Jane, Doe,586
21,Jane V. Doe, Jane, Doe,6704
22,Jane W. Doe, Jane, Doe,8245
23,Jane X. Doe, Jane, Doe,8132
24,Jane Y. Doe, Jane, Doe,1123
25,Jane Z. Doe, Jane, Doe,5544
26,John A. Doe, John, Doe,5975
27,John B. Doe, John, Doe,87
28,John C. Doe, John, Doe,6730
29,John D. Doe, John, Doe,6881
30,John E. Doe, John, Doe,8063
31,John F. Doe, John, Doe,4450
32,John G. Doe, John, Doe,10233
33,John H. Doe, John, Doe,4400
34,John I. Doe, John, Doe,7156
35,John J. Doe, John, Doe,6613
36,John K. Doe, John, Doe,2728
37,John L. Doe, John, Doe,9532
38,John M. Doe, John, Doe,2198
39,John N. Doe, John, Doe,8463
40,John O. Doe, John, Doe,4847
41,John P. Doe, John, Doe,1706
42,John Q. Doe, John, Doe,10354
43,John R. Doe, John, Doe,2970
44,John S. Doe, John, Doe,4441
45,John T. Doe, John, Doe,432
46,John U. Doe, John, Doe,3605
47,John V. Doe, John, Doe,8146
48,John W. Doe, John, Doe,6637
49,John X. Doe, John, Doe,1613
50,John Y. Doe, John, Doe,9087
51,John Z. Doe, John, Doe,4980
