name, first, last
Jane A. Doe, Jane, Doe
Jane B. Doe, Jane, Doe
Jane C. Doe, Jane, Doe
Jane D. Doe, Jane, Doe
Jane E. Doe, Jane, Doe
Jane F. Doe, Jane, Doe
Jane G. Doe, Jane, Doe
Jane H. Doe, Jane, Doe
Jane I. Doe, Jane, Doe
Jane J. Doe, Jane, Doe
Jane K. Doe, Jane, Doe
Jane L. Doe, Jane, Doe
Jane M. Doe, Jane, Doe
Jane N. Doe, Jane, Doe
Jane O. Doe, Jane, Doe
Jane P. Doe, Jane, Doe
Jane Q. Doe, Jane, Doe
Jane R. Doe, Jane, Doe
Jane S. Doe, Jane, Doe
Jane T. Doe, Jane, Doe
Jane U. Doe, Jane, Doe
Jane V. Doe, Jane, Doe
Jane W. Doe, Jane, Doe
Jane X. Doe, Jane, Doe
Jane Y. Doe, Jane, Doe
Jane Z. Doe, Jane, Doe
John A. Doe, John, Doe
John B. Doe, John, Doe
John C. Doe, John, Doe
John D. Doe, John, Doe
John E. Doe, John, Doe
John F. Doe, John, Doe
John G. Doe, John, Doe
John H. Doe, John, Doe
John I. Doe, John, Doe
John J. Doe, John, Doe
John K. Doe, John, Doe
John L. Doe, John, Doe
John M. Doe, John, Doe
John N. Doe, John, Doe
John O. Doe, John, Doe
John P. Doe, John, Doe
John Q. Doe, John, Doe
John R. Doe, John, Doe
John S. Doe, John, Doe
John T. Doe, John, Doe
John U. Doe, John, Doe
John V. Doe, John, Doe
John W. Doe, John, Doe
John X. Doe, John, Doe
John Y. Doe, John, Doe
John Z. Doe, John, Doe
